player_id,name,team,position,price,form,recent_form,points_per_game,points_per_90,minutes,goals_scored,assists,clean_sheets,goals_conceded,own_goals,penalties_saved,penalties_missed,yellow_cards,red_cards,saves,bonus,bps,influence,creativity,threat,ict_index,xG,xA,ownership_percentage,avg_fixture_difficulty,team_strength,team_strength_attack_home,team_strength_attack_away,team_strength_defence_home,team_strength_defence_away
3,Gabriel dos Santos Magalhães,Arsenal,DEF,6.1,0.0,0.0,4.178571428571429,4.456199746085484,2363,3,2,10,22,0,0,0,4,0,0,9,459,584.6,208.8,287.0,108.2,0.10714285714285714,0.07142857142857142,12.2,5.0,0.5,1390,1400,1310,1300
6,Jurriën Timber,Arsenal,DEF,5.6,0.0,0.0,3.8,4.248447204968945,2415,1,3,11,21,0,0,0,7,0,0,9,426,393.0,296.8,254.0,94.2,0.03333333333333333,0.1,4.7,5.0,0.5,1390,1400,1310,1300
8,Jakub Kiwior,Arsenal,DEF,4.9,3.0,3.0,2.5625,3.5929892891918205,1027,1,0,3,14,0,0,0,1,0,0,2,168,244.8,86.0,32.0,36.4,0.0625,0.0,3.3,5.0,0.5,1390,1400,1310,1300
18,William Saliba,Arsenal,DEF,6.5,1.0,1.0,3.7142857142857144,3.8499506416584404,3039,2,0,12,29,0,0,0,2,1,0,14,564,672.6,150.1,116.0,94.2,0.05714285714285714,0.0,27.4,5.0,0.5,1390,1400,1310,1300
21,Kieran Tierney,Arsenal,DEF,4.3,0.7,0.6666666666666666,1.4166666666666667,8.138297872340425,188,0,0,1,0,0,0,0,0,0,0,0,71,42.4,90.5,13.0,14.7,0.0,0.0,0.1,5.0,0.5,1390,1400,1310,1300
22,Tomiyasu Takehiro,Arsenal,DEF,4.8,0.0,0.0,1.0,15.0,6,0,0,0,0,0,0,0,0,0,0,0,2,0.4,0.3,9.0,1.0,0.0,0.0,0.0,5.0,0.5,1390,1400,1310,1300
24,Benjamin White,Arsenal,DEF,6.2,2.7,2.6666666666666665,2.8125,3.6651583710407243,1105,0,1,5,12,0,0,0,2,0,0,0,186,216.2,129.1,94.0,43.9,0.0,0.0625,3.6,5.0,0.5,1390,1400,1310,1300
25,Oleksandr Zinchenko,Arsenal,DEF,4.8,0.7,0.6666666666666666,2.7142857142857144,7.616926503340757,449,0,1,4,0,0,0,0,1,0,0,2,129,62.4,64.7,53.0,17.9,0.0,0.07142857142857142,0.9,5.0,0.5,1390,1400,1310,1300
578,Riccardo Calafiori,Arsenal,DEF,5.8,0.7,0.6666666666666666,2.0526315789473686,3.5889570552147236,978,2,1,1,12,0,0,0,4,0,0,1,142,252.6,118.2,176.0,54.6,0.10526315789473684,0.05263157894736842,1.4,5.0,0.5,1390,1400,1310,1300
657,Maldini Kacurri,Arsenal,DEF,4.0,0.0,0.0,0.0,0.0,0,0,0,0,0,0,0,0,0,0,0,0,0,0.0,0.0,0.0,0.0,0.0,0.0,0.0,5.0,0.5,1390,1400,1310,1300
662,Josh Nichols,Arsenal,DEF,4.0,0.0,0.0,0.0,0.0,0,0,0,0,0,0,0,0,0,0,0,0,0,0.0,0.0,0.0,0.0,0.0,0.0,0.1,5.0,0.5,1390,1400,1310,1300
801,Brayden Clarke,Arsenal,DEF,4.0,0.0,0.0,0.0,0.0,0,0,0,0,0,0,0,0,0,0,0,0,0,0.0,0.0,0.0,0.0,0.0,0.0,0.0,5.0,0.5,1390,1400,1310,1300
32,Matty Cash,Aston Villa,DEF,4.4,6.0,6.0,2.8846153846153846,3.4108135421930266,1979,1,1,7,20,0,0,0,7,0,0,2,281,337.6,178.9,150.0,66.8,0.038461538461538464,0.038461538461538464,1.6,3.0,0.3,1130,1180,1160,1300
35,Diego Carlos Santos Silva,Aston Villa,DEF,4.5,0.0,0.0,2.1,2.282608695652174,828,0,0,2,15,0,0,0,1,0,0,1,69,150.6,9.2,54.0,21.5,0.0,0.0,0.3,3.0,0.3,1130,1180,1160,1300
36,Lucas Digne,Aston Villa,DEF,4.4,2.7,2.6666666666666665,2.78125,3.411413969335605,2348,0,5,6,36,0,0,0,4,0,0,7,383,512.6,583.9,112.0,120.7,0.0,0.15625,5.7,3.0,0.3,1130,1180,1160,1300
40,Kortney Hause,Aston Villa,DEF,3.9,0.0,0.0,0.0,0.0,0,0,0,0,0,0,0,0,0,0,0,0,0,0.0,0.0,0.0,0.0,0.0,0.0,0.5,3.0,0.3,1130,1180,1160,1300
43,Kaine Kesler-Hayden,Aston Villa,DEF,4.0,0.0,0.0,0.0,0.0,0,0,0,0,0,0,0,0,0,0,0,0,0,0.0,0.0,0.0,0.0,0.0,0.0,0.0,3.0,0.3,1130,1180,1160,1300
44,Ezri Konsa Ngoyo,Aston Villa,DEF,4.5,8.7,8.666666666666666,3.090909090909091,3.225579761068166,2846,2,0,8,43,0,0,0,1,0,0,10,447,519.6,123.6,166.0,81.0,0.06060606060606061,0.0,9.2,3.0,0.3,1130,1180,1160,1300
45,Ian Maatsen,Aston Villa,DEF,4.5,4.3,4.333333333333333,2.0,4.869565217391305,1035,1,2,3,14,0,0,0,2,0,0,0,213,252.0,292.3,195.0,74.0,0.03571428571428571,0.07142857142857142,1.6,3.0,0.3,1130,1180,1160,1300
49,Tyrone Mings,Aston Villa,DEF,4.4,2.0,2.0,3.357142857142857,3.780160857908847,1119,0,1,4,11,0,0,0,1,0,0,5,207,220.4,49.2,74.0,34.6,0.0,0.07142857142857142,0.2,3.0,0.3,1130,1180,1160,1300
50,Kosta Nedeljković,Aston Villa,DEF,3.9,0.0,0.0,1.0,3.71900826446281,121,0,0,0,4,0,0,0,0,0,0,0,11,22.8,7.2,0.0,3.0,0.0,0.0,0.5,3.0,0.3,1130,1180,1160,1300
52,Pau Torres,Aston Villa,DEF,4.2,4.7,4.666666666666667,2.391304347826087,2.5660964230171075,1929,0,0,5,31,0,0,0,1,0,0,3,256,333.8,84.3,102.0,52.3,0.0,0.0,0.8,3.0,0.3,1130,1180,1160,1300
56,Lino da Cruz Sousa,Aston Villa,DEF,4.0,0.0,0.0,0.0,0.0,0,0,0,0,0,0,0,0,0,0,0,0,0,0.0,0.0,0.0,0.0,0.0,0.0,0.0,3.0,0.3,1130,1180,1160,1300
167,Axel Disasi,Aston Villa,DEF,4.2,0.0,0.0,2.5384615384615383,3.490011750881316,851,1,0,3,12,0,0,0,3,0,0,0,133,169.6,75.6,51.0,29.7,0.07692307692307693,0.0,0.4,3.0,0.3,1130,1180,1160,1300
598,Lamare Bogarde,Aston Villa,DEF,3.9,0.0,0.0,0.75,1.1416490486257929,473,0,0,0,11,0,0,0,2,0,0,0,22,84.8,33.3,15.0,13.3,0.0,0.0,0.2,3.0,0.3,1130,1180,1160,1300
640,Sil Swinkels,Aston Villa,DEF,4.0,0.0,0.0,0.0,0.0,0,0,0,0,0,0,0,0,0,0,0,0,0,0.0,0.0,0.0,0.0,0.0,0.0,0.1,3.0,0.3,1130,1180,1160,1300
731,Andrés García,Aston Villa,DEF,4.5,0.0,0.0,1.1428571428571428,2.278481012658228,316,0,0,0,5,0,0,0,0,0,0,0,26,45.6,68.4,7.0,12.0,0.0,0.0,0.1,3.0,0.3,1130,1180,1160,1300
59,Max Aarons,Bournemouth,DEF,4.3,0.0,0.0,2.6666666666666665,8.571428571428571,84,0,0,1,0,0,0,0,0,0,0,0,31,13.2,3.2,0.0,1.7,0.0,0.0,0.1,3.0,0.3,1120,1180,1220,1220
68,James Hill,Bournemouth,DEF,3.9,0.0,0.0,1.7,3.4537246049661396,443,0,1,1,9,0,0,0,1,0,0,0,55,97.0,38.4,29.0,16.6,0.0,0.1,0.5,3.0,0.3,1120,1180,1220,1220
70,Milos Kerkez,Bournemouth,DEF,5.3,1.8,1.6666666666666667,3.4594594594594597,3.5489833641404807,3246,2,6,8,45,0,0,0,4,0,0,10,527,682.6,618.2,224.0,152.4,0.05405405405405406,0.16216216216216217,18.9,3.0,0.3,1120,1180,1220,1220
72,Chris Mepham,Bournemouth,DEF,4.4,0.0,0.0,0.0,0.0,0,0,0,0,0,0,0,0,0,0,0,0,0,0.0,0.0,0.0,0.0,0.0,0.0,0.0,3.0,0.3,1120,1180,1220,1220
79,Marcos Senesi,Bournemouth,DEF,4.6,0.5,0.3333333333333333,1.5625,2.1929824561403506,1026,0,0,1,17,0,0,0,5,0,0,3,93,254.2,81.5,33.0,37.0,0.0,0.0,0.3,3.0,0.3,1120,1180,1220,1220
81,Adam Smith,Bournemouth,DEF,4.4,0.8,0.6666666666666666,2.125,3.068181818181818,1496,0,0,5,18,0,0,0,7,0,0,0,134,170.6,133.5,20.0,32.1,0.0,0.0,0.1,3.0,0.3,1120,1180,1220,1220
85,Illia Zabarnyi,Bournemouth,DEF,4.4,1.5,1.3333333333333333,2.3714285714285714,2.474329248095396,3019,0,0,7,42,0,0,0,4,1,0,6,393,621.8,164.7,79.0,86.9,0.0,0.0,0.5,3.0,0.3,1120,1180,1220,1220
580,Dean Huijsen,Bournemouth,DEF,4.5,2.5,3.0,3.225806451612903,3.7344398340248963,2410,3,1,7,31,0,0,0,10,0,0,14,436,807.0,206.8,193.0,120.6,0.0967741935483871,0.03225806451612903,4.8,3.0,0.3,1120,1180,1220,1220
592,Julián Araujo Zúñiga,Bournemouth,DEF,4.3,0.8,1.0,1.0,2.1951219512195124,492,0,0,0,10,0,0,0,2,0,0,0,20,56.8,30.6,4.0,9.2,0.0,0.0,0.1,3.0,0.3,1120,1180,1220,1220
680,Max Kinsey,Bournemouth,DEF,4.0,0.0,0.0,0.0,0.0,0,0,0,0,0,0,0,0,0,0,0,0,0,0.0,0.0,0.0,0.0,0.0,0.0,0.0,3.0,0.3,1120,1180,1220,1220
702,Archie Harris,Bournemouth,DEF,4.0,0.0,0.0,0.0,0.0,0,0,0,0,0,0,0,0,0,0,0,0,0,0.0,0.0,0.0,0.0,0.0,0.0,0.0,3.0,0.3,1120,1180,1220,1220
712,Matai Akinmboni,Bournemouth,DEF,4.0,0.0,0.0,0.0,0.0,0,0,0,0,0,0,0,0,0,0,0,0,0,0.0,0.0,0.0,0.0,0.0,0.0,0.0,3.0,0.3,1120,1180,1220,1220
713,Julio Soler,Bournemouth,DEF,3.9,0.2,0.3333333333333333,1.0,22.5,8,0,0,0,1,0,0,0,0,0,0,0,5,2.2,1.8,0.0,0.4,0.0,0.0,0.0,3.0,0.3,1120,1180,1220,1220
86,Kristoffer Ajer,Brentford,DEF,4.4,0.0,0.0,1.6521739130434783,2.393282015395381,1429,0,0,3,25,0,0,0,5,0,0,0,118,198.2,127.7,150.0,47.6,0.0,0.0,0.2,3.0,0.3,1100,1100,1160,1260
88,Nathan Collins,Brentford,DEF,4.6,5.2,3.3333333333333335,3.3783783783783785,3.3783783783783785,3330,2,7,8,56,0,0,0,5,0,0,11,538,1005.6,160.4,309.0,147.6,0.05405405405405406,0.1891891891891892,4.5,3.0,0.3,1100,1100,1160,1260
92,Rico Henry,Brentford,DEF,4.3,0.5,0.3333333333333333,0.8,3.829787234042553,94,0,0,0,3,0,0,0,0,0,0,0,5,13.6,2.1,2.0,1.7,0.0,0.0,0.0,3.0,0.3,1100,1100,1160,1260
93,Aaron Hickey,Brentford,DEF,4.3,0.0,0.0,0.0,0.0,0,0,0,0,0,0,0,0,0,0,0,0,0,0.0,0.0,0.0,0.0,0.0,0.0,0.0,3.0,0.3,1100,1100,1160,1260
96,Kim Ji-soo,Brentford,DEF,3.9,0.0,0.0,1.0,9.642857142857142,28,0,0,0,0,0,0,0,0,0,0,0,8,5.0,0.8,0.0,0.6,0.0,0.0,0.3,3.0,0.3,1100,1100,1160,1260
100,Ben Mee,Brentford,DEF,4.2,0.0,0.0,1.2857142857142858,4.5,180,0,0,1,4,0,0,0,2,0,0,0,30,36.8,3.0,6.0,4.6,0.0,0.0,0.3,3.0,0.3,1100,1100,1160,1260
104,Ethan Pinnock,Brentford,DEF,4.4,0.0,0.0,2.1363636363636362,2.2123430962343096,1912,2,0,2,35,1,0,0,2,0,0,0,233,540.2,101.2,193.0,83.6,0.09090909090909091,0.0,0.3,3.0,0.3,1100,1100,1160,1260
105,Mads Roerslev Rasmussen,Brentford,DEF,4.3,0.0,0.0,1.894736842105263,2.9454545454545458,1100,0,2,2,20,0,0,0,2,0,0,0,125,214.4,185.8,78.0,48.0,0.0,0.10526315789473684,0.1,3.0,0.3,1100,1100,1160,1260
112,Mathias Jorgensen,Brentford,DEF,4.5,0.0,0.0,0.0,0.0,0,0,0,0,0,0,0,0,0,0,0,0,0,0.0,0.0,0.0,0.0,0.0,0.0,0.0,3.0,0.3,1100,1100,1160,1260
338,Sepp van den Berg,Brentford,DEF,4.1,3.2,2.3333333333333335,2.0,2.165196471531676,2494,0,1,5,48,0,0,0,3,0,0,1,250,561.0,108.0,207.0,87.7,0.0,0.03333333333333333,1.5,3.0,0.3,1100,1100,1160,1260
649,Jayden Meghoma,Brentford,DEF,4.0,0.0,0.0,1.0,22.5,4,0,0,0,0,0,0,0,0,0,0,0,3,0.2,0.3,0.0,0.1,0.0,0.0,0.0,3.0,0.3,1100,1100,1160,1260
705,Benjamin Arthur,Brentford,DEF,4.0,0.0,0.0,0.0,0.0,0,0,0,0,0,0,0,0,0,0,0,0,0,0.0,0.0,0.0,0.0,0.0,0.0,0.0,3.0,0.3,1100,1100,1160,1260
757,Michael Kayode,Brentford,DEF,4.5,4.5,4.0,2.272727272727273,5.136986301369863,438,0,1,2,4,0,0,0,2,0,0,0,106,93.8,92.4,28.0,21.6,0.0,0.09090909090909091,0.1,3.0,0.3,1100,1100,1160,1260
786,Benjamin Fredrick,Brentford,DEF,4.0,0.0,0.0,0.0,0.0,0,0,0,0,0,0,0,0,0,0,0,0,0,0.0,0.0,0.0,0.0,0.0,0.0,0.0,3.0,0.3,1100,1100,1160,1260
116,Valentín Barco,Brighton,DEF,4.0,0.0,0.0,0.0,0.0,0,0,0,0,0,0,0,0,0,0,0,0,0,0.0,0.0,0.0,0.0,0.0,0.0,1.9,3.0,0.3,1090,1140,1190,1190
120,Lewis Dunk,Brighton,DEF,4.2,0.8,0.6666666666666666,1.76,1.9029312830370015,2081,0,1,4,42,1,0,0,5,0,0,0,223,425.4,115.7,128.0,66.9,0.0,0.04,2.3,3.0,0.3,1090,1140,1190,1190
122,Pervis Estupiñán,Brighton,DEF,4.9,2.8,3.3333333333333335,2.1,2.36348478532722,2399,1,1,3,44,0,0,0,5,0,0,7,313,504.4,530.1,173.0,120.8,0.03333333333333333,0.03333333333333333,1.3,3.0,0.3,1090,1140,1190,1190
128,Igor Julio dos Santos de Paulo,Brighton,DEF,4.3,0.0,0.0,1.4166666666666667,1.7,900,0,0,1,16,0,0,0,4,0,0,0,103,182.2,40.5,4.0,22.7,0.0,0.0,0.1,3.0,0.3,1090,1140,1190,1190
131,Tariq Lamptey,Brighton,DEF,4.4,0.5,0.6666666666666666,2.8,4.415887850467289,856,2,2,2,21,0,0,0,0,0,0,1,99,213.6,101.0,52.0,36.8,0.13333333333333333,0.13333333333333333,0.2,3.0,0.3,1090,1140,1190,1190
139,Odeluga Offiah,Brighton,DEF,4.0,0.0,0.0,0.0,0.0,0,0,0,0,0,0,0,0,0,0,0,0,0,0.0,0.0,0.0,0.0,0.0,0.0,0.1,3.0,0.3,1090,1140,1190,1190
144,Jan Paul van Hecke,Brighton,DEF,4.5,2.5,3.3333333333333335,2.5757575757575757,2.6655052264808363,2870,1,1,7,46,0,0,0,6,1,0,7,395,719.6,257.0,172.0,115.1,0.030303030303030304,0.030303030303030304,0.7,3.0,0.3,1090,1140,1190,1190
145,Joël Veltman,Brighton,DEF,4.3,0.2,0.3333333333333333,2.95,3.1930246542393266,1663,0,0,6,24,0,0,0,4,0,0,7,245,269.2,143.9,59.0,47.4,0.0,0.0,1.1,3.0,0.3,1090,1140,1190,1190
147,Adam Webster,Brighton,DEF,4.3,2.0,2.6666666666666665,2.6153846153846154,3.8490566037735845,795,0,0,4,10,0,0,0,1,0,0,2,154,185.8,44.1,31.0,26.0,0.0,0.0,0.1,3.0,0.3,1090,1140,1190,1190
628,Ferdi Kadioglu,Brighton,DEF,4.4,0.0,0.0,3.1666666666666665,4.441558441558442,385,1,0,2,8,0,0,0,1,0,0,0,59,116.4,83.7,40.0,24.0,0.16666666666666666,0.0,0.1,3.0,0.3,1090,1140,1190,1190
663,Imari Samuels,Brighton,DEF,4.0,0.0,0.0,0.0,0.0,0,0,0,0,0,0,0,0,0,0,0,0,0,0.0,0.0,0.0,0.0,0.0,0.0,0.0,3.0,0.3,1090,1140,1190,1190
681,Ruairi McConville,Brighton,DEF,4.0,0.0,0.0,0.0,0.0,0,0,0,0,0,0,0,0,0,0,0,0,0,0.0,0.0,0.0,0.0,0.0,0.0,0.0,3.0,0.3,1090,1140,1190,1190
685,Jacob Slater,Brighton,DEF,4.0,0.0,0.0,0.0,0.0,0,0,0,0,0,0,0,0,0,0,0,0,0,0.0,0.0,0.0,0.0,0.0,0.0,0.0,3.0,0.3,1090,1140,1190,1190
763,Eiran Cashin,Brighton,DEF,4.5,0.0,0.0,0.5,4.7368421052631575,19,0,0,0,2,0,0,0,0,0,0,0,-2,7.0,0.6,0.0,0.7,0.0,0.0,0.0,3.0,0.3,1090,1140,1190,1190
791,Charlie Tasker,Brighton,DEF,4.0,0.0,0.0,0.0,0.0,0,0,0,0,0,0,0,0,0,0,0,0,0,0.0,0.0,0.0,0.0,0.0,0.0,0.0,3.0,0.3,1090,1140,1190,1190
794,Freddie Simmonds,Brighton,DEF,4.0,0.0,0.0,0.0,0.0,0,0,0,0,0,0,0,0,0,0,0,0,0,0.0,0.0,0.0,0.0,0.0,0.0,0.0,3.0,0.3,1090,1140,1190,1190
153,Benoît Badiashile,Chelsea,DEF,4.2,0.0,0.0,1.4,1.897590361445783,332,0,0,0,5,0,0,0,0,0,0,0,35,66.0,12.6,0.0,7.9,0.0,0.0,0.1,3.0,0.3,1120,1170,1190,1300
159,Trevoh Chalobah,Chelsea,DEF,4.4,3.0,1.0,3.72,4.250888776028441,1969,3,1,6,25,0,0,0,3,0,0,11,379,496.4,124.2,222.0,84.6,0.12,0.04,0.8,3.0,0.3,1120,1170,1190,1300
162,Levi Colwill,Chelsea,DEF,4.4,3.5,2.6666666666666665,2.764705882352941,2.764705882352941,3060,1,1,9,41,0,0,0,9,0,0,3,419,647.6,213.0,152.0,101.5,0.029411764705882353,0.029411764705882353,2.5,3.0,0.3,1120,1170,1190,1300
163,Marc Cucurella Saseta,Chelsea,DEF,5.4,6.0,6.0,3.5714285714285716,3.8819875776397517,2898,5,2,8,38,0,0,0,8,1,0,12,500,643.0,347.0,358.0,135.0,0.14285714285714285,0.05714285714285714,11.6,3.0,0.3,1120,1170,1190,1300
170,Alfie Gilchrist,Chelsea,DEF,4.0,0.0,0.0,0.0,0.0,0,0,0,0,0,0,0,0,0,0,0,0,0,0.0,0.0,0.0,0.0,0.0,0.0,0.0,3.0,0.3,1120,1170,1190,1300
171,Malo Gusto,Chelsea,DEF,4.9,0.8,1.0,1.903225806451613,2.884302009777295,1841,0,1,4,26,0,0,0,4,0,0,2,282,336.8,394.3,147.0,87.9,0.0,0.03225806451612903,1.4,3.0,0.3,1120,1170,1190,1300
172,Reece James,Chelsea,DEF,4.8,3.2,4.0,2.6666666666666665,4.467425025853154,967,1,2,2,14,0,0,0,1,0,0,5,201,190.0,200.0,56.0,44.7,0.05555555555555555,0.1111111111111111,1.0,3.0,0.3,1120,1170,1190,1300
176,Malang Sarr,Chelsea,DEF,4.5,0.0,0.0,0.0,0.0,0,0,0,0,0,0,0,0,0,0,0,0,0,0.0,0.0,0.0,0.0,0.0,0.0,0.0,3.0,0.3,1120,1170,1190,1300
187,Tosin Adarabioyo,Chelsea,DEF,4.2,2.0,2.6666666666666665,3.0952380952380953,4.455445544554456,1313,1,1,6,14,0,0,0,3,0,0,6,279,325.2,47.6,92.0,46.8,0.047619047619047616,0.047619047619047616,0.3,3.0,0.3,1120,1170,1190,1300
189,Wesley Fofana,Chelsea,DEF,4.3,0.0,0.0,1.8571428571428572,1.9965870307167235,1172,0,0,2,13,0,0,0,7,0,0,2,162,200.2,85.0,33.0,31.9,0.0,0.0,0.2,3.0,0.3,1120,1170,1190,1300
575,Caleb Wiley,Chelsea,DEF,4.0,0.0,0.0,0.0,0.0,0,0,0,0,0,0,0,0,0,0,0,0,0,0.0,0.0,0.0,0.0,0.0,0.0,0.0,3.0,0.3,1120,1170,1190,1300
697,Josh Acheampong,Chelsea,DEF,4.0,0.0,0.0,1.0,2.142857142857143,168,0,0,0,3,0,0,0,1,0,0,0,8,13.6,2.5,13.0,2.9,0.0,0.0,0.1,3.0,0.3,1120,1170,1190,1300
774,Aaron Anselmino,Chelsea,DEF,4.0,0.0,0.0,0.0,0.0,0,0,0,0,0,0,0,0,0,0,0,0,0,0.0,0.0,0.0,0.0,0.0,0.0,0.0,3.0,0.3,1120,1170,1190,1300
782,Ishé Samuels-Smith,Chelsea,DEF,4.0,0.0,0.0,0.0,0.0,0,0,0,0,0,0,0,0,0,0,0,0,0,0.0,0.0,0.0,0.0,0.0,0.0,0.0,3.0,0.3,1120,1170,1190,1300
787,Genesis Antwi,Chelsea,DEF,4.0,0.0,0.0,0.0,0.0,0,0,0,0,0,0,0,0,0,0,0,0,0,0.0,0.0,0.0,0.0,0.0,0.0,0.0,3.0,0.3,1120,1170,1190,1300
160,Ben Chilwell,Crystal Palace,DEF,4.6,2.7,2.6666666666666665,1.625,4.606299212598425,254,1,0,0,4,0,0,0,1,0,0,0,54,99.6,69.2,37.0,20.7,0.125,0.0,0.5,3.0,0.3,1140,1140,1160,1170
194,Chris Richards,Crystal Palace,DEF,4.4,3.0,3.0,2.869565217391304,3.2441288913162203,1831,1,1,7,30,0,0,0,2,1,0,2,240,450.0,44.7,181.0,67.5,0.043478260869565216,0.043478260869565216,0.2,3.0,0.3,1140,1140,1160,1170
195,Chadi Riad Dnanou,Crystal Palace,DEF,4.3,0.0,0.0,1.0,1.0,90,0,0,0,2,0,0,0,0,0,0,0,3,18.2,1.3,0.0,2.0,0.0,0.0,0.0,3.0,0.3,1140,1140,1160,1170
196,Nathaniel Clyne,Crystal Palace,DEF,4.3,0.0,0.0,1.3846153846153846,3.3962264150943393,477,0,0,1,11,0,0,0,1,0,0,0,48,66.6,51.8,8.0,12.4,0.0,0.0,0.1,3.0,0.3,1140,1140,1160,1170
200,Marc Guéhi,Crystal Palace,DEF,4.7,3.0,3.0,3.411764705882353,3.4128800261523375,3059,3,2,11,42,3,0,0,7,1,0,11,492,827.0,237.6,247.0,131.0,0.08823529411764706,0.058823529411764705,5.9,3.0,0.3,1140,1140,1160,1170
202,Rob Holding,Crystal Palace,DEF,4.2,0.0,0.0,0.0,0.0,0,0,0,0,0,0,0,0,0,0,0,0,0,0.0,0.0,0.0,0.0,0.0,0.0,0.1,3.0,0.3,1140,1140,1160,1170
210,Tyrick Mitchell,Crystal Palace,DEF,4.8,3.7,3.6666666666666665,3.2777777777777777,3.54,3000,0,5,12,45,0,0,0,2,0,0,4,429,586.4,547.4,170.0,130.6,0.0,0.1388888888888889,2.2,3.0,0.3,1140,1140,1160,1170
211,Daniel Muñoz,Crystal Palace,DEF,5.2,4.3,4.333333333333333,3.888888888888889,4.01401720293087,3139,4,6,11,45,0,0,0,10,0,0,9,479,799.6,633.4,522.0,195.6,0.1111111111111111,0.16666666666666666,19.7,3.0,0.3,1140,1140,1160,1170
215,Joel Ward,Crystal Palace,DEF,4.3,0.0,0.0,0.5,1.267605633802817,71,0,0,0,2,0,0,0,1,0,0,0,-3,5.8,10.3,0.0,1.6,0.0,0.0,0.1,3.0,0.3,1140,1140,1160,1170
650,Maxence Lacroix,Crystal Palace,DEF,4.5,3.0,3.0,3.2941176470588234,3.3311302048909455,3026,1,2,11,44,0,0,0,5,0,0,9,451,684.0,96.7,277.0,105.7,0.029411764705882353,0.058823529411764705,0.9,3.0,0.3,1140,1140,1160,1170
666,Caleb Kporha,Crystal Palace,DEF,4.0,0.0,0.0,1.0,16.363636363636363,11,0,0,0,1,0,0,0,0,0,0,0,1,8.0,4.6,0.0,1.3,0.0,0.0,0.0,3.0,0.3,1140,1140,1160,1170
219,Jarrad Branthwaite,Everton,DEF,4.9,2.8,3.0,2.933333333333333,3.1566361100039857,2509,0,1,9,28,0,0,0,4,0,0,3,420,624.6,57.7,130.0,81.3,0.0,0.03333333333333333,2.1,3.0,0.3,1160,1160,1080,1130
221,Séamus Coleman,Everton,DEF,4.3,0.5,0.6666666666666666,1.0,2.102803738317757,214,0,0,0,4,0,0,0,1,0,0,0,17,42.4,3.8,23.0,7.1,0.0,0.0,0.0,3.0,0.3,1160,1160,1080,1130
225,Mason Holgate,Everton,DEF,4.0,0.0,0.0,1.0,18.0,5,0,0,0,1,0,0,0,0,0,0,0,-1,0.0,0.0,0.0,0.0,0.0,0.0,0.1,3.0,0.3,1160,1160,1080,1130
228,Michael Keane,Everton,DEF,3.8,2.5,3.3333333333333335,3.230769230769231,3.953974895397489,956,3,0,2,20,0,0,0,5,0,0,4,116,287.6,23.1,123.0,43.5,0.23076923076923078,0.0,4.3,3.0,0.3,1160,1160,1080,1130
231,Vitalii Mykolenko,Everton,DEF,4.4,4.5,5.333333333333333,3.2941176470588234,3.368983957219251,2992,1,2,10,39,0,0,0,3,0,0,8,435,589.2,399.3,100.0,109.1,0.029411764705882353,0.058823529411764705,6.9,3.0,0.3,1160,1160,1080,1130
234,Nathan Patterson,Everton,DEF,4.4,1.2,1.0,1.4,3.6842105263157894,342,0,1,0,6,0,0,0,1,0,0,0,47,71.6,70.3,12.0,15.5,0.0,0.1,0.0,3.0,0.3,1160,1160,1080,1130
236,James Tarkowski,Everton,DEF,4.7,0.0,0.0,3.1818181818181817,3.2340862422997945,2922,1,1,10,38,0,0,0,6,0,0,8,468,859.0,188.8,217.0,126.9,0.030303030303030304,0.030303030303030304,1.7,3.0,0.3,1160,1160,1080,1130
238,Ashley Young,Everton,DEF,4.2,2.8,3.3333333333333335,3.0,4.718151071025931,1774,1,4,8,23,0,0,0,6,1,0,9,331,417.6,363.4,46.0,83.0,0.03225806451612903,0.12903225806451613,1.4,3.0,0.3,1160,1160,1080,1130
582,Jake O'Brien,Everton,DEF,4.5,2.2,2.3333333333333335,3.1052631578947367,3.592692828146143,1478,2,0,4,17,0,0,0,5,0,0,5,210,325.8,108.7,109.0,54.4,0.10526315789473684,0.0,0.9,3.0,0.3,1160,1160,1080,1130
627,Roman Dixon,Everton,DEF,3.9,0.0,0.0,0.0,0.0,90,0,0,0,4,0,0,0,0,0,0,0,0,15.4,0.3,0.0,1.6,0.0,0.0,0.1,3.0,0.3,1160,1160,1080,1130
191,Joachim Andersen,Fulham,DEF,4.2,1.2,1.0,1.7241379310344827,1.7421602787456447,2583,0,0,4,45,1,0,0,7,1,0,3,292,660.2,88.5,162.0,91.2,0.0,0.0,3.4,3.0,0.3,1150,1150,1160,1160
241,Calvin Bassey,Fulham,DEF,4.5,1.2,1.0,2.142857142857143,2.19583604424203,3074,1,0,5,47,0,0,0,7,0,0,0,390,587.2,96.7,157.0,84.1,0.02857142857142857,0.0,0.6,3.0,0.3,1150,1150,1160,1160
244,Timothy Castagne,Fulham,DEF,4.2,0.2,0.3333333333333333,1.9166666666666667,2.5213154689403168,1642,0,1,3,28,0,0,0,1,0,0,0,205,360.4,163.6,123.0,64.9,0.0,0.041666666666666664,0.8,3.0,0.3,1150,1150,1160,1160
245,Issa Diop,Fulham,DEF,4.3,0.0,0.0,1.4761904761904763,2.0914542728635683,1334,0,0,1,19,1,0,0,2,0,0,0,146,257.6,44.7,83.0,38.3,0.0,0.0,0.2,3.0,0.3,1150,1150,1160,1160
250,Kevin Mbabu,Fulham,DEF,4.0,0.0,0.0,0.0,0.0,0,0,0,0,0,0,0,0,0,0,0,0,0,0.0,0.0,0.0,0.0,0.0,0.0,0.1,3.0,0.3,1150,1150,1160,1160
253,Tim Ream,Fulham,DEF,4.5,0.0,0.0,0.0,0.0,0,0,0,0,0,0,0,0,0,0,0,0,0,0.0,0.0,0.0,0.0,0.0,0.0,0.0,3.0,0.3,1150,1150,1160,1160
255,Antonee Robinson,Fulham,DEF,4.7,0.8,1.0,3.0,3.0721716514954487,3076,0,10,5,47,0,0,0,8,0,0,8,504,899.2,721.9,202.0,182.6,0.0,0.2857142857142857,15.4,3.0,0.3,1150,1150,1160,1160
257,Kenny Tete,Fulham,DEF,4.4,1.0,0.6666666666666666,2.2857142857142856,2.5668449197860963,1683,0,2,3,24,0,0,0,5,0,0,0,198,345.0,191.4,150.0,68.6,0.0,0.09523809523809523,0.2,3.0,0.3,1150,1150,1160,1160
579,Ryan Sessegnon,Fulham,DEF,4.2,3.2,0.6666666666666666,3.7333333333333334,9.03225806451613,558,4,2,1,10,0,0,0,1,0,0,5,127,274.2,129.7,221.0,62.6,0.26666666666666666,0.13333333333333333,2.7,3.0,0.3,1150,1150,1160,1160
586,Jorge Cuenca Barreno,Fulham,DEF,4.4,0.2,0.3333333333333333,1.1428571428571428,2.77992277992278,259,0,0,0,6,0,0,0,0,0,0,0,33,58.4,2.0,4.0,6.3,0.0,0.0,0.0,3.0,0.3,1150,1150,1160,1160
690,Samuel Amissah,Fulham,DEF,4.0,0.0,0.0,0.0,0.0,0,0,0,0,0,0,0,0,0,0,0,0,0,0.0,0.0,0.0,0.0,0.0,0.0,0.0,3.0,0.3,1150,1150,1160,1160
261,Elkan Baggott,Ipswich,DEF,4.0,0.0,0.0,0.0,0.0,0,0,0,0,0,0,0,0,0,0,0,0,0,0.0,0.0,0.0,0.0,0.0,0.0,0.0,2.0,0.2,1040,1040,1090,1090
263,Cameron Burgess,Ipswich,DEF,3.8,1.8,2.0,1.4444444444444444,1.5194805194805194,1540,0,2,0,37,0,0,0,0,0,0,0,122,422.0,87.2,103.0,61.4,0.0,0.1111111111111111,1.8,2.0,0.2,1040,1040,1090,1090
266,Harry Clarke,Ipswich,DEF,4.0,0.0,0.0,0.14285714285714285,0.23872679045092837,377,0,0,0,10,1,0,0,1,1,0,0,-5,48.2,24.4,35.0,10.5,0.0,0.0,0.0,2.0,0.2,1040,1040,1090,1090
267,Leif Davis,Ipswich,DEF,4.2,0.2,0.3333333333333333,1.59375,1.7307692307692308,2652,1,2,2,68,0,0,0,5,1,0,5,176,476.0,824.5,139.0,143.8,0.03125,0.0625,0.9,2.0,0.2,1040,1040,1090,1090
269,George Edmundson,Ipswich,DEF,4.0,0.0,0.0,1.0,90.0,1,0,0,0,0,0,0,0,0,0,0,0,3,0.0,0.0,0.0,0.0,0.0,0.0,0.1,2.0,0.2,1040,1040,1090,1090
270,Jacob Greaves,Ipswich,DEF,3.8,1.0,1.3333333333333333,1.5,1.5319148936170213,2115,1,0,2,50,0,0,0,5,0,0,0,167,570.8,75.8,151.0,79.8,0.041666666666666664,0.0,2.3,2.0,0.2,1040,1040,1090,1090
275,Ben Johnson,Ipswich,DEF,3.8,-0.5,0.3333333333333333,1.3043478260869565,2.0059435364041605,1346,1,2,0,39,0,0,0,3,1,0,2,23,276.6,177.2,92.0,54.6,0.043478260869565216,0.08695652173913043,1.9,2.0,0.2,1040,1040,1090,1090
279,Corrie Ndaba,Ipswich,DEF,4.0,0.0,0.0,0.0,0.0,0,0,0,0,0,0,0,0,0,0,0,0,0,0.0,0.0,0.0,0.0,0.0,0.0,0.0,2.0,0.2,1040,1040,1090,1090
282,Axel Tuanzebe,Ipswich,DEF,3.9,1.0,1.3333333333333333,1.2380952380952381,1.4444444444444446,1620,0,1,1,35,1,0,0,3,1,0,0,78,271.2,75.4,21.0,36.6,0.0,0.047619047619047616,1.2,2.0,0.2,1040,1040,1090,1090
284,Luke Woolfenden,Ipswich,DEF,3.9,0.5,0.3333333333333333,1.2,1.3647851727042966,1187,0,0,1,28,0,0,0,2,0,0,0,93,258.4,6.7,8.0,27.5,0.0,0.0,1.2,2.0,0.2,1040,1040,1090,1090
583,Conor Townsend,Ipswich,DEF,3.9,0.0,0.0,1.8333333333333333,2.9640718562874255,334,0,1,0,6,0,0,0,1,0,0,0,43,110.2,56.0,13.0,18.0,0.0,0.16666666666666666,0.5,2.0,0.2,1040,1040,1090,1090
630,Dara O'Shea,Ipswich,DEF,3.9,1.2,1.3333333333333333,1.411764705882353,1.424802110817942,3032,0,2,2,72,0,0,0,6,0,0,1,227,837.0,58.7,195.0,108.9,0.0,0.058823529411764705,1.2,2.0,0.2,1040,1040,1090,1090
715,Ben Godfrey,Ipswich,DEF,4.0,0.0,0.0,-0.3333333333333333,-0.569620253164557,158,0,0,0,10,0,0,0,1,0,0,0,-27,15.0,2.3,2.0,1.9,0.0,0.0,0.0,2.0,0.2,1040,1040,1090,1090
799,Somto Boniface,Ipswich,DEF,4.0,0.0,0.0,0.0,0.0,0,0,0,0,0,0,0,0,0,0,0,0,0,0.0,0.0,0.0,0.0,0.0,0.0,0.0,2.0,0.2,1040,1040,1090,1090
288,Conor Coady,Leicester,DEF,4.0,5.8,7.333333333333333,1.8571428571428572,2.1639950678175093,1622,1,0,2,40,0,0,0,2,0,0,3,143,370.4,32.7,62.0,46.6,0.047619047619047616,0.0,0.5,1.0,0.2,1000,1020,990,990
291,Wout Faes,Leicester,DEF,3.8,3.8,5.0,1.6363636363636365,1.7854518736223366,2722,1,0,3,61,0,0,0,4,0,0,2,238,656.6,68.4,121.0,84.7,0.030303030303030304,0.0,5.2,1.0,0.2,1000,1020,990,990
295,James Justin,Leicester,DEF,4.1,4.8,6.333333333333333,1.9714285714285715,2.200566973777463,2822,2,2,3,66,0,0,0,6,0,0,6,203,585.8,255.1,202.0,104.5,0.05714285714285714,0.05714285714285714,1.1,1.0,0.2,1000,1020,990,990
296,Victor Kristiansen,Leicester,DEF,4.4,0.2,0.3333333333333333,1.1379310344827587,1.24111993313832,2393,0,1,1,60,1,0,0,1,0,0,0,154,506.8,357.2,36.0,89.8,0.0,0.034482758620689655,0.1,1.0,0.2,1000,1020,990,990
301,Caleb Okoli,Leicester,DEF,4.0,0.2,0.3333333333333333,1.4210526315789473,2.1657754010695185,1122,1,0,1,26,0,0,0,4,0,0,1,106,318.6,15.2,73.0,40.7,0.05263157894736842,0.0,0.4,1.0,0.2,1000,1020,990,990
302,Ricardo Barbosa Pereira,Leicester,DEF,4.1,0.5,0.3333333333333333,1.1111111111111112,2.4725274725274726,364,0,0,0,6,0,0,0,1,0,0,0,49,65.4,16.7,19.0,10.1,0.0,0.0,0.1,1.0,0.2,1000,1020,990,990
303,Harry Souttar,Leicester,DEF,4.0,0.0,0.0,0.0,0.0,0,0,0,0,0,0,0,0,0,0,0,0,0,0.0,0.0,0.0,0.0,0.0,0.0,0.0,1.0,0.2,1000,1020,990,990
305,Luke Thomas,Leicester,DEF,3.9,3.2,4.0,1.6923076923076923,1.9075144508670518,1038,0,0,2,23,0,0,0,2,0,0,0,122,212.2,129.3,34.0,37.5,0.0,0.0,1.4,1.0,0.2,1000,1020,990,990
307,Jannik Vestergaard,Leicester,DEF,3.9,0.0,0.0,0.6111111111111112,0.7122302158273381,1390,0,0,0,35,1,0,0,5,0,0,0,86,321.0,46.6,53.0,42.4,0.0,0.0,1.5,1.0,0.2,1000,1020,990,990
616,Ben Nelson,Leicester,DEF,4.0,0.0,0.0,0.0,0.0,0,0,0,0,0,0,0,0,0,0,0,0,0,0.0,0.0,0.0,0.0,0.0,0.0,0.0,1.0,0.2,1000,1020,990,990
708,Thomas Wilson-Brown,Leicester,DEF,4.0,0.0,0.0,0.0,0.0,0,0,0,0,0,0,0,0,0,0,0,0,0,0.0,0.0,0.0,0.0,0.0,0.0,0.0,1.0,0.2,1000,1020,990,990
726,Woyo Coulibaly,Leicester,DEF,4.0,0.0,0.0,0.25,0.8411214953271028,107,0,0,0,6,0,0,0,1,0,0,0,-4,24.4,3.4,24.0,5.2,0.0,0.0,0.0,1.0,0.2,1000,1020,990,990
796,Olabade Aluko,Leicester,DEF,4.0,0.0,0.0,0.0,0.0,0,0,0,0,0,0,0,0,0,0,0,0,0,0.0,0.0,0.0,0.0,0.0,0.0,0.0,1.0,0.2,1000,1020,990,990
311,Trent Alexander-Arnold,Liverpool,DEF,7.2,1.5,0.3333333333333333,4.59375,5.709969788519637,2317,3,7,12,25,0,0,0,5,0,0,13,592,715.2,804.1,267.0,178.5,0.09375,0.21875,16.7,5.0,0.5,1320,1360,1380,1380
313,Conor Bradley,Liverpool,DEF,4.7,1.5,2.0,2.2222222222222223,5.150214592274678,699,0,2,3,9,0,0,0,4,0,0,3,156,150.8,105.9,158.0,41.4,0.0,0.1111111111111111,1.1,5.0,0.5,1320,1360,1380,1380
322,Joe Gomez,Liverpool,DEF,4.7,0.0,0.0,1.5555555555555556,2.4371373307543522,517,0,0,1,8,0,0,0,1,0,0,0,83,130.4,38.5,58.0,22.8,0.0,0.0,0.4,5.0,0.5,1320,1360,1380,1380
326,Ibrahima Konaté,Liverpool,DEF,5.3,1.0,0.6666666666666666,3.466666666666667,3.7439999999999998,2500,1,2,11,27,0,0,0,5,0,0,4,476,562.2,157.1,133.0,85.6,0.03333333333333333,0.06666666666666667,7.0,5.0,0.5,1320,1360,1380,1380
332,Nathaniel Phillips,Liverpool,DEF,4.0,0.0,0.0,0.0,0.0,0,0,0,0,0,0,0,0,0,0,0,0,0,0.0,0.0,0.0,0.0,0.0,0.0,0.1,5.0,0.5,1320,1360,1380,1380
333,Jarell Quansah,Liverpool,DEF,3.9,-0.2,-0.3333333333333333,0.6923076923076923,1.6598360655737705,488,0,0,0,12,1,0,0,2,0,0,0,38,119.4,29.1,15.0,16.5,0.0,0.0,1.0,5.0,0.5,1320,1360,1380,1380
334,Rhys Williams,Liverpool,DEF,4.0,0.0,0.0,0.0,0.0,0,0,0,0,0,0,0,0,0,0,0,0,0,0.0,0.0,0.0,0.0,0.0,0.0,0.0,5.0,0.5,1320,1360,1380,1380
335,Andrew Robertson,Liverpool,DEF,5.8,1.5,1.3333333333333333,2.78125,3.3444676409185803,2395,0,1,10,31,1,0,0,3,1,0,4,392,391.2,662.1,180.0,123.1,0.0,0.03125,4.0,5.0,0.5,1320,1360,1380,1380
337,Konstantinos Tsimikas,Liverpool,DEF,4.6,0.5,0.6666666666666666,2.388888888888889,4.668275030156815,829,0,1,4,8,0,0,0,2,0,0,3,217,202.0,260.7,60.0,52.5,0.0,0.05555555555555555,0.2,5.0,0.5,1320,1360,1380,1380
339,Virgil van Dijk,Liverpool,DEF,6.7,2.2,2.3333333333333335,3.9444444444444446,3.9444444444444446,3240,3,1,14,37,0,0,0,4,0,0,8,615,901.0,200.8,299.0,140.0,0.08333333333333333,0.027777777777777776,25.5,5.0,0.5,1320,1360,1380,1380
692,Amara Nallo,Liverpool,DEF,4.0,0.0,0.0,0.0,0.0,0,0,0,0,0,0,0,0,0,0,0,0,0,0.0,0.0,0.0,0.0,0.0,0.0,0.0,5.0,0.5,1320,1360,1380,1380
340,Manuel Akanji,Man City,DEF,5.3,3.0,3.0,2.2,2.575442247658689,1922,0,0,5,28,0,0,0,3,0,0,1,281,330.2,248.1,91.0,66.9,0.0,0.0,2.3,4.0,0.4,1160,1170,1280,1370
341,Nathan Aké,Man City,DEF,5.3,0.0,0.0,2.5,3.323485967503693,677,0,0,3,11,0,0,0,0,0,0,0,121,104.6,33.7,20.0,15.9,0.0,0.0,0.8,4.0,0.4,1160,1170,1280,1370
350,Joško Gvardiol,Man City,DEF,6.5,5.3,5.333333333333333,4.027777777777778,4.093475533249686,3188,5,0,12,41,0,0,0,2,0,0,13,590,829.6,489.4,460.0,178.3,0.1388888888888889,0.0,38.3,4.0,0.4,1160,1170,1280,1370
353,João Cavaco Cancelo,Man City,DEF,5.3,0.0,0.0,0.0,0.0,0,0,0,0,0,0,0,0,0,0,0,0,0,0.0,0.0,0.0,0.0,0.0,0.0,0.2,4.0,0.4,1160,1170,1280,1370
355,Rico Lewis,Man City,DEF,4.3,2.3,2.3333333333333335,2.357142857142857,3.146186440677966,1888,1,2,5,27,0,0,0,3,1,0,1,285,293.8,218.6,139.0,65.0,0.03571428571428571,0.07142857142857142,3.5,4.0,0.4,1160,1170,1280,1370
361,Rúben Gato Alves Dias,Man City,DEF,5.5,6.0,6.0,3.1923076923076925,3.4281780633318037,2179,0,0,10,21,1,0,0,4,0,0,6,380,445.6,171.1,150.0,76.7,0.0,0.0,5.5,4.0,0.4,1160,1170,1280,1370
362,John Stones,Man City,DEF,5.3,0.0,0.0,2.6363636363636362,4.797794117647059,544,2,0,1,11,0,0,0,1,0,0,2,92,155.6,49.8,70.0,27.4,0.18181818181818182,0.0,1.0,4.0,0.4,1160,1170,1280,1370
363,Kyle Walker,Man City,DEF,5.1,0.0,0.0,0.8666666666666667,1.2111801242236024,966,0,0,0,21,0,0,0,3,0,0,0,63,157.4,147.7,29.0,33.5,0.0,0.0,2.5,4.0,0.4,1160,1170,1280,1370
626,Issa Kaboré,Man City,DEF,4.5,0.0,0.0,0.0,0.0,0,0,0,0,0,0,0,0,0,0,0,0,0,0.0,0.0,0.0,0.0,0.0,0.0,0.0,4.0,0.4,1160,1170,1280,1370
672,Jahmai Simpson-Pusey,Man City,DEF,4.0,0.0,0.0,0.5,0.9473684210526315,95,0,0,0,2,0,0,0,1,0,0,0,7,19.6,2.2,2.0,2.4,0.0,0.0,0.0,4.0,0.4,1160,1170,1280,1370
675,Josh Wilson-Esbrand,Man City,DEF,4.0,0.0,0.0,0.0,0.0,0,0,0,0,0,0,0,0,0,0,0,0,0,0.0,0.0,0.0,0.0,0.0,0.0,0.0,4.0,0.4,1160,1170,1280,1370
703,Max Alleyne,Man City,DEF,4.0,0.0,0.0,0.0,0.0,0,0,0,0,0,0,0,0,0,0,0,0,0,0.0,0.0,0.0,0.0,0.0,0.0,0.0,4.0,0.4,1160,1170,1280,1370
732,Abdukodir Khusanov,Man City,DEF,5.0,0.0,0.0,2.3333333333333335,2.5049701789264414,503,0,0,2,6,1,0,0,1,0,0,0,78,102.0,33.9,4.0,14.1,0.0,0.0,0.4,4.0,0.4,1160,1170,1280,1370
733,Vitor de Oliveira Nunes dos Reis,Man City,DEF,4.5,0.0,0.0,1.0,90.0,1,0,0,0,0,0,0,0,0,0,0,0,4,3.2,0.0,0.0,0.3,0.0,0.0,0.0,4.0,0.4,1160,1170,1280,1370
369,Diogo Dalot Teixeira,Man Utd,DEF,5.0,0.0,0.0,2.9375,3.0355220667384284,2787,0,4,8,45,0,0,0,5,0,0,9,347,493.2,432.4,255.0,117.8,0.0,0.125,4.7,3.0,0.3,1120,1130,1070,1140
371,Jonny Evans,Man Utd,DEF,4.4,0.0,0.0,2.3333333333333335,4.375,288,0,0,1,2,0,0,0,1,0,0,3,62,51.0,4.1,6.0,6.1,0.0,0.0,0.1,3.0,0.3,1120,1130,1070,1140
376,Victor Lindelöf,Man Utd,DEF,4.3,1.2,1.3333333333333333,1.4,3.12396694214876,605,0,0,1,9,0,0,0,1,0,0,0,73,117.2,41.3,8.0,16.8,0.0,0.0,0.1,3.0,0.3,1120,1130,1070,1140
377,Harry Maguire,Man Utd,DEF,4.9,1.2,1.0,1.6153846153846154,2.2757375075255872,1661,1,0,2,27,0,0,0,7,0,0,3,193,392.8,99.9,231.0,72.5,0.038461538461538464,0.0,0.8,3.0,0.3,1120,1130,1070,1140
379,Tyrell Malacia,Man Utd,DEF,4.4,0.0,0.0,0.6666666666666666,1.8181818181818183,99,0,0,0,1,0,0,0,1,0,0,0,2,5.2,13.9,0.0,1.7,0.0,0.0,0.0,3.0,0.3,1120,1130,1070,1140
380,Lisandro Martínez,Man Utd,DEF,4.3,0.0,0.0,3.4,3.495145631067961,1751,2,1,6,27,0,0,0,7,0,0,5,293,426.6,153.9,158.0,73.8,0.1,0.05,2.2,3.0,0.3,1120,1130,1070,1140
387,Luke Shaw,Man Utd,DEF,4.9,0.5,0.3333333333333333,0.7142857142857143,1.300578034682081,346,0,0,0,5,1,0,0,1,0,0,0,38,48.2,68.2,11.0,12.7,0.0,0.0,0.2,3.0,0.3,1120,1130,1070,1140
572,Leny Yoro,Man Utd,DEF,4.3,0.8,0.3333333333333333,1.0476190476190477,1.706896551724138,1160,0,0,1,24,0,0,0,5,0,0,0,90,207.4,55.8,54.0,31.8,0.0,0.0,0.2,3.0,0.3,1120,1130,1070,1140
593,Matthijs de Ligt,Man Utd,DEF,4.8,0.0,0.0,2.3448275862068964,2.888154789995281,2119,2,0,4,36,0,0,0,3,0,0,3,312,518.4,88.7,303.0,91.5,0.06896551724137931,0.0,2.9,3.0,0.3,1120,1130,1070,1140
594,Noussair Mazraoui,Man Utd,DEF,4.2,1.0,0.6666666666666666,2.4166666666666665,2.779552715654952,2817,0,1,7,43,0,0,0,3,0,0,5,399,609.0,310.9,119.0,103.9,0.0,0.027777777777777776,7.3,3.0,0.3,1120,1130,1070,1140
658,Ayden Heaven,Man Utd,DEF,4.0,0.0,0.0,0.6666666666666666,1.7307692307692308,104,0,0,0,1,0,0,0,1,0,0,0,17,28.2,0.7,2.0,3.1,0.0,0.0,0.1,3.0,0.3,1120,1130,1070,1140
670,Harry Amass,Man Utd,DEF,4.0,0.2,0.3333333333333333,0.8,1.0434782608695652,345,0,0,0,9,0,0,0,0,0,0,0,1,40.0,26.5,15.0,8.2,0.0,0.0,0.1,3.0,0.3,1120,1130,1070,1140
691,Godwill Kukonki,Man Utd,DEF,4.0,0.0,0.0,0.0,0.0,0,0,0,0,0,0,0,0,0,0,0,0,0,0.0,0.0,0.0,0.0,0.0,0.0,0.0,3.0,0.3,1120,1130,1070,1140
766,Patrick Dorgu,Man Utd,DEF,4.5,1.0,1.0,1.0,1.32,750,0,0,1,12,0,0,0,3,1,0,0,80,96.0,137.2,96.0,32.9,0.0,0.0,0.2,3.0,0.3,1120,1130,1070,1140
777,Tyler Fredricson,Man Utd,DEF,4.0,0.0,0.0,1.0,1.0843373493975905,166,0,0,0,5,0,0,0,0,0,0,0,16,37.4,4.9,2.0,4.4,0.0,0.0,0.0,3.0,0.3,1120,1130,1070,1140
390,Alex Murphy,Newcastle,DEF,4.0,0.0,0.0,0.0,0.0,0,0,0,0,0,0,0,0,0,0,0,0,0,0.0,0.0,0.0,0.0,0.0,0.0,0.5,4.0,0.4,1150,1170,1290,1340
393,Sven Botman,Newcastle,DEF,4.4,1.2,1.3333333333333333,1.7142857142857142,3.085714285714286,350,0,0,1,4,0,0,0,1,0,0,0,64,88.0,27.7,22.0,13.9,0.0,0.0,0.0,4.0,0.4,1150,1170,1290,1340
395,Dan Burn,Newcastle,DEF,4.6,6.8,4.666666666666667,3.138888888888889,3.138888888888889,3240,1,1,13,44,2,0,0,11,0,0,9,464,705.8,121.2,297.0,112.5,0.027777777777777776,0.027777777777777776,12.3,4.0,0.4,1150,1170,1290,1340
399,Lewis Hall,Newcastle,DEF,4.7,0.0,0.0,3.7777777777777777,4.195612431444242,2188,0,7,8,31,0,0,0,3,0,0,11,443,561.6,561.2,128.0,125.3,0.0,0.25925925925925924,4.4,4.0,0.4,1150,1170,1290,1340
404,Lloyd Kelly,Newcastle,DEF,4.2,0.0,0.0,1.2,3.6120401337792645,299,0,1,0,6,0,0,0,2,0,0,0,40,80.6,29.0,20.0,12.6,0.0,0.1,0.1,4.0,0.4,1150,1170,1290,1340
405,Emil Krafth,Newcastle,DEF,4.3,0.2,0.3333333333333333,1.4166666666666667,4.580838323353293,334,0,0,1,2,0,0,0,2,0,0,0,55,59.2,19.7,13.0,9.3,0.0,0.0,0.1,4.0,0.4,1150,1170,1290,1340
407,Jamaal Lascelles,Newcastle,DEF,4.5,0.0,0.0,0.0,0.0,0,0,0,0,0,0,0,0,0,0,0,0,0,0.0,0.0,0.0,0.0,0.0,0.0,0.0,4.0,0.4,1150,1170,1290,1340
408,Jamal Lewis,Newcastle,DEF,4.0,0.0,0.0,0.0,0.0,0,0,0,0,0,0,0,0,0,0,0,0,0,0.0,0.0,0.0,0.0,0.0,0.0,0.1,4.0,0.4,1150,1170,1290,1340
409,Tino Livramento,Newcastle,DEF,4.6,4.2,3.6666666666666665,2.861111111111111,3.3770491803278686,2745,0,1,10,39,0,0,0,1,0,0,6,462,549.6,383.6,123.0,105.7,0.0,0.027777777777777776,8.8,4.0,0.4,1150,1170,1290,1340
415,Fabian Schär,Newcastle,DEF,5.5,4.8,4.333333333333333,3.5454545454545454,3.701230228471002,2845,4,2,11,41,0,0,0,8,1,0,4,438,739.6,108.0,328.0,117.1,0.12121212121212122,0.06060606060606061,4.8,4.0,0.4,1150,1170,1290,1340
416,Matt Targett,Newcastle,DEF,3.9,0.0,0.0,1.0,9.0,20,0,0,0,0,0,0,0,0,0,0,0,7,5.0,5.6,0.0,1.0,0.0,0.0,0.3,4.0,0.4,1150,1170,1290,1340
418,Kieran Trippier,Newcastle,DEF,5.6,4.2,0.6666666666666666,2.9583333333333335,5.023584905660377,1272,0,3,6,17,0,0,0,1,0,0,8,277,310.2,365.2,30.0,70.7,0.0,0.125,4.6,4.0,0.4,1150,1170,1290,1340
574,Miodrag Pivaš,Newcastle,DEF,4.0,0.0,0.0,0.0,0.0,0,0,0,0,0,0,0,0,0,0,0,0,0,0.0,0.0,0.0,0.0,0.0,0.0,0.1,4.0,0.4,1150,1170,1290,1340
26,Álex Moreno Lopera,Nott'm Forest,DEF,4.2,0.0,0.0,2.2666666666666666,3.214285714285714,952,0,1,3,16,0,0,0,2,0,0,1,126,200.8,134.5,29.0,36.4,0.0,0.06666666666666667,0.4,4.0,0.4,1190,1330,1250,1250
422,Ola Aina,Nott'm Forest,DEF,5.3,1.0,1.0,3.735294117647059,3.922443376801647,2914,2,1,12,38,0,0,0,4,0,0,15,476,568.6,261.9,77.0,90.8,0.058823529411764705,0.029411764705882353,13.1,4.0,0.4,1190,1330,1250,1250
425,Willy Boly,Nott'm Forest,DEF,4.2,0.0,0.0,1.0,3.698630136986301,146,0,0,0,1,0,0,0,1,0,0,0,26,51.0,0.4,17.0,6.8,0.0,0.0,0.1,4.0,0.4,1190,1330,1250,1250
436,Murillo Santiago Costa dos Santos,Nott'm Forest,DEF,4.7,3.0,3.6666666666666665,3.657142857142857,3.718528082633957,3098,2,0,12,43,0,0,0,6,0,0,18,534,913.6,199.7,194.0,130.8,0.05714285714285714,0.0,4.2,4.0,0.4,1190,1330,1250,1250
437,Neco Williams,Nott'm Forest,DEF,4.5,2.5,3.3333333333333335,3.1470588235294117,3.8550840672538027,2498,1,3,10,30,0,0,0,7,0,0,8,430,619.8,300.0,242.0,116.4,0.029411764705882353,0.08823529411764706,4.1,4.0,0.4,1190,1330,1250,1250
438,Omar Richards,Nott'm Forest,DEF,4.5,0.0,0.0,0.0,0.0,0,0,0,0,0,0,0,0,0,0,0,0,0,0.0,0.0,0.0,0.0,0.0,0.0,0.0,4.0,0.4,1190,1330,1250,1250
440,Andrew Omobamidele,Nott'm Forest,DEF,4.2,0.0,0.0,0.0,0.0,0,0,0,0,0,0,0,0,0,0,0,0,0,0.0,0.0,0.0,0.0,0.0,0.0,0.0,4.0,0.4,1190,1330,1250,1250
441,Jonathan Panzo,Nott'm Forest,DEF,4.0,0.0,0.0,0.0,0.0,0,0,0,0,0,0,0,0,0,0,0,0,0,0.0,0.0,0.0,0.0,0.0,0.0,0.0,4.0,0.4,1190,1330,1250,1250
444,Harry Toffolo,Nott'm Forest,DEF,4.2,0.0,0.0,1.0,2.666666666666667,135,0,0,0,2,0,0,0,1,0,0,0,18,40.2,4.1,6.0,5.1,0.0,0.0,0.1,4.0,0.4,1190,1330,1250,1250
448,Joe Worrall,Nott'm Forest,DEF,4.5,0.0,0.0,0.0,0.0,0,0,0,0,0,0,0,0,0,0,0,0,0,0.0,0.0,0.0,0.0,0.0,0.0,0.0,4.0,0.4,1190,1330,1250,1250
573,Nikola Milenković,Nott'm Forest,DEF,5.2,3.0,3.6666666666666665,3.9722222222222223,3.9722222222222223,3240,5,2,13,44,0,0,0,4,0,0,2,487,783.6,97.4,354.0,123.3,0.1388888888888889,0.05555555555555555,18.0,4.0,0.4,1190,1330,1250,1250
653,Felipe Rodrigues da Silva,Nott'm Forest,DEF,4.5,0.0,0.0,1.3846153846153846,3.6363636363636367,891,0,0,3,14,0,0,0,5,0,0,2,125,205.2,10.8,22.0,24.0,0.0,0.0,0.1,4.0,0.4,1190,1330,1250,1250
706,Zach Abbott,Nott'm Forest,DEF,4.0,0.0,0.0,0.0,0.0,0,0,0,0,0,0,0,0,0,0,0,0,0,0.0,0.0,0.0,0.0,0.0,0.0,0.0,4.0,0.4,1190,1330,1250,1250
455,Jan Bednarek,Southampton,DEF,4.0,2.2,2.6666666666666665,2.0,2.133544053733702,2531,2,0,3,57,0,0,0,7,0,0,3,283,770.6,78.3,71.0,91.9,0.06666666666666667,0.0,1.9,1.0,0.2,1000,1000,990,990
456,Armel Bella-Kotchap,Southampton,DEF,3.9,0.0,0.0,0.5,0.547112462006079,329,0,0,0,13,0,0,0,0,0,0,0,7,64.6,2.3,4.0,7.0,0.0,0.0,0.4,1.0,0.2,1000,1000,990,990
457,James Bree,Southampton,DEF,3.9,2.0,2.3333333333333335,1.3529411764705883,1.9345794392523366,1070,0,1,1,31,0,0,0,0,0,0,0,95,187.4,159.4,43.0,39.0,0.0,0.058823529411764705,0.3,1.0,0.2,1000,1000,990,990
460,Ronnie Edwards,Southampton,DEF,3.9,0.0,0.0,1.0,7.5,12,0,0,0,1,0,0,0,0,0,0,0,-1,5.0,0.1,0.0,0.5,0.0,0.0,0.2,1.0,0.2,1000,1000,990,990
461,Taylor Harwood-Bellis,Southampton,DEF,3.9,2.0,2.3333333333333335,1.6176470588235294,1.7528328611898016,2824,1,0,3,65,0,0,0,9,0,0,2,268,727.0,218.3,252.0,119.9,0.029411764705882353,0.0,4.2,1.0,0.2,1000,1000,990,990
464,Juan Larios López,Southampton,DEF,3.9,0.0,0.0,0.0,0.0,0,0,0,0,0,0,0,0,0,0,0,0,0,0.0,0.0,0.0,0.0,0.0,0.0,0.1,1.0,0.2,1000,1000,990,990
467,Ryan Manning,Southampton,DEF,4.3,1.5,0.6666666666666666,1.4166666666666667,2.0987654320987654,1458,0,2,1,35,0,0,0,2,0,0,0,162,307.4,498.3,71.0,87.6,0.0,0.08333333333333333,0.1,1.0,0.2,1000,1000,990,990
472,Jack Stephens,Southampton,DEF,4.0,3.5,2.3333333333333335,1.631578947368421,2.0086393088552916,1389,1,0,2,31,0,0,0,2,2,0,2,112,291.8,71.6,51.0,41.5,0.05263157894736842,0.0,0.3,1.0,0.2,1000,1000,990,990
474,Sugawara Yukinari,Southampton,DEF,4.2,0.0,0.0,1.4482758620689655,2.5925925925925926,1458,1,1,2,44,0,0,0,4,0,0,0,106,282.6,290.1,135.0,70.6,0.034482758620689655,0.034482758620689655,0.1,1.0,0.2,1000,1000,990,990
475,Charlie Taylor,Southampton,DEF,3.9,0.0,0.0,0.7142857142857143,1.7110266159695817,263,0,0,0,10,0,0,0,1,0,0,0,16,72.6,26.5,2.0,10.2,0.0,0.0,3.0,1.0,0.2,1000,1000,990,990
476,Kyle Walker-Peters,Southampton,DEF,4.2,0.5,0.3333333333333333,1.6363636363636365,1.6655243317340644,2918,0,3,2,77,0,0,0,5,0,0,3,240,503.8,406.8,237.0,114.4,0.0,0.09090909090909091,0.3,1.0,0.2,1000,1000,990,990
477,Nathan Wood-Gordon,Southampton,DEF,3.9,0.0,0.0,1.3,1.7180616740088106,681,0,0,1,18,0,0,0,2,0,0,2,46,111.8,19.7,14.0,14.7,0.0,0.0,1.0,1.0,0.2,1000,1000,990,990
718,Welington Damascena Santos,Southampton,DEF,4.0,1.8,2.3333333333333335,1.4444444444444444,3.015463917525773,388,0,0,1,8,0,0,0,1,0,0,0,51,107.2,56.9,11.0,17.5,0.0,0.0,0.0,1.0,0.2,1000,1000,990,990
719,Joachim Kayi-Sanda,Southampton,DEF,4.0,0.2,0.3333333333333333,1.0,11.25,8,0,0,0,0,0,0,0,0,0,0,0,4,2.8,0.0,2.0,0.5,0.0,0.0,0.0,1.0,0.2,1000,1000,990,990
478,Ashley Phillips,Spurs,DEF,4.0,0.0,0.0,0.0,0.0,0,0,0,0,0,0,0,0,0,0,0,0,0,0.0,0.0,0.0,0.0,0.0,0.0,0.1,3.0,0.3,1060,1070,1210,1270
484,Ben Davies,Spurs,DEF,4.3,0.8,1.0,1.8125,2.0,1305,0,0,3,24,0,0,0,4,0,0,0,161,338.2,42.1,49.0,43.2,0.0,0.0,0.2,3.0,0.3,1060,1070,1210,1270
486,Radu Drăgușin,Spurs,DEF,4.3,0.0,0.0,1.5,1.7279999999999998,1250,0,0,2,29,0,0,0,1,0,0,0,96,256.4,58.1,47.0,36.2,0.0,0.0,0.1,3.0,0.3,1060,1070,1210,1270
487,Emerson Leite de Souza Junior,Spurs,DEF,4.5,0.0,0.0,0.0,0.0,0,0,0,0,0,0,0,0,0,0,0,0,0,0.0,0.0,0.0,0.0,0.0,0.0,0.0,3.0,0.3,1060,1070,1210,1270
495,Pedro Porro,Spurs,DEF,5.2,0.0,0.0,3.09375,3.541335453100159,2516,2,6,6,43,0,0,0,4,0,0,6,459,767.6,922.3,200.0,189.1,0.0625,0.1875,16.5,3.0,0.3,1060,1070,1210,1270
496,Sergio Reguilón,Spurs,DEF,4.1,0.2,0.3333333333333333,0.5,0.9278350515463918,194,0,0,0,3,0,0,0,2,0,0,0,20,33.4,25.2,13.0,7.2,0.0,0.0,0.2,3.0,0.3,1060,1070,1210,1270
498,Cristian Romero,Spurs,DEF,4.9,0.0,0.0,2.7222222222222223,3.114406779661017,1416,1,1,3,22,0,0,0,3,0,0,3,245,343.2,113.1,232.0,69.0,0.05555555555555555,0.05555555555555555,3.5,3.0,0.3,1060,1070,1210,1270
504,Djed Spence,Spurs,DEF,4.4,1.0,1.3333333333333333,2.125,2.574312955692653,1783,1,2,3,37,1,0,0,2,1,0,6,222,433.0,226.3,100.0,76.1,0.041666666666666664,0.08333333333333333,0.7,3.0,0.3,1060,1070,1210,1270
505,Destiny Udogie,Spurs,DEF,4.8,-0.5,0.0,1.7916666666666667,2.111292962356792,1833,0,1,2,31,1,0,0,2,0,0,0,243,347.4,255.6,132.0,73.7,0.0,0.041666666666666664,1.5,3.0,0.3,1060,1070,1210,1270
506,Micky van de Ven,Spurs,DEF,4.5,0.0,0.0,2.5833333333333335,2.9399367755532135,949,0,2,2,15,0,0,0,4,0,0,2,139,195.4,39.3,57.0,29.2,0.0,0.16666666666666666,2.4,3.0,0.3,1060,1070,1210,1270
684,Malachi Hardy,Spurs,DEF,4.0,0.0,0.0,0.0,0.0,0,0,0,0,0,0,0,0,0,0,0,0,0,0.0,0.0,0.0,0.0,0.0,0.0,0.0,3.0,0.3,1060,1070,1210,1270
699,Alfie Dorrington,Spurs,DEF,4.0,0.0,0.0,1.0,6.923076923076923,13,0,0,0,0,0,0,0,0,0,0,0,4,1.0,0.2,0.0,0.1,0.0,0.0,0.0,3.0,0.3,1060,1070,1210,1270
700,Maeson King,Spurs,DEF,4.0,0.0,0.0,0.0,0.0,0,0,0,0,0,0,0,0,0,0,0,0,0,0.0,0.0,0.0,0.0,0.0,0.0,0.0,3.0,0.3,1060,1070,1210,1270
760,Dante Cassanova,Spurs,DEF,4.0,0.0,0.0,0.0,0.0,0,0,0,0,0,0,0,0,0,0,0,0,0,0.0,0.0,0.0,0.0,0.0,0.0,0.0,3.0,0.3,1060,1070,1210,1270
767,Kevin Danso,Spurs,DEF,4.4,1.0,1.3333333333333333,1.7777777777777777,1.9148936170212765,752,0,0,1,14,0,0,0,0,0,0,0,101,208.0,34.1,72.0,31.5,0.0,0.0,0.0,3.0,0.3,1060,1070,1210,1270
388,Aaron Wan-Bissaka,West Ham,DEF,4.4,5.2,6.666666666666667,3.2285714285714286,3.3191906005221927,3064,2,5,6,58,1,0,0,1,0,0,15,473,773.4,511.0,188.0,147.2,0.05714285714285714,0.14285714285714285,6.1,2.0,0.3,1090,1090,1090,1110
516,Vladimír Coufal,West Ham,DEF,4.1,1.8,2.3333333333333335,1.2380952380952381,2.254335260115607,1038,0,0,2,21,1,0,0,5,0,0,1,85,200.0,141.9,70.0,40.9,0.0,0.0,0.4,2.0,0.3,1090,1090,1090,1110
517,Aaron Cresswell,West Ham,DEF,3.9,2.0,2.6666666666666665,2.0588235294117645,3.8555691554467564,817,0,0,3,8,0,0,0,3,0,0,3,156,148.2,152.3,14.0,31.4,0.0,0.0,1.7,2.0,0.3,1090,1090,1090,1110
520,Emerson Palmieri dos Santos,West Ham,DEF,4.4,1.2,1.0,2.4516129032258065,3.2447817836812147,2108,2,1,5,41,0,0,0,5,0,0,4,219,420.4,310.9,173.0,90.4,0.06451612903225806,0.03225806451612903,0.6,2.0,0.3,1090,1090,1090,1110
524,Max Kilman,West Ham,DEF,4.3,2.5,3.0,2.189189189189189,2.2375690607734806,3258,0,1,6,61,0,0,0,4,0,0,5,389,814.4,201.5,149.0,116.8,0.0,0.02702702702702703,1.3,2.0,0.3,1090,1090,1090,1110
528,Konstantinos Mavropanos,West Ham,DEF,4.3,0.5,0.6666666666666666,1.34375,1.9897172236503857,1945,0,0,2,38,0,0,0,4,1,0,4,213,465.0,74.1,160.0,69.9,0.0,0.0,0.1,2.0,0.3,1090,1090,1090,1110
529,Nayef Aguerd,West Ham,DEF,4.4,0.0,0.0,0.0,0.0,0,0,0,0,0,0,0,0,0,0,0,0,0,0.0,0.0,0.0,0.0,0.0,0.0,0.0,2.0,0.3,1090,1090,1090,1110
532,Kurt Zouma,West Ham,DEF,4.4,0.0,0.0,0.0,0.0,0,0,0,0,0,0,0,0,0,0,0,0,0,0.0,0.0,0.0,0.0,0.0,0.0,0.1,2.0,0.3,1090,1090,1090,1110
591,Jean-Clair Todibo,West Ham,DEF,4.2,2.2,2.6666666666666665,2.0,2.698961937716263,1734,0,0,5,32,0,0,0,3,0,0,1,227,344.8,36.0,35.0,41.6,0.0,0.0,0.3,2.0,0.3,1090,1090,1090,1110
643,Kaelan Casey,West Ham,DEF,4.0,0.0,0.0,1.0,90.0,1,0,0,0,0,0,0,0,0,0,0,0,3,2.0,0.0,0.0,0.2,0.0,0.0,0.2,2.0,0.3,1090,1090,1090,1110
677,Ollie Scarles,West Ham,DEF,4.0,0.0,0.0,1.9285714285714286,4.13265306122449,588,0,0,2,8,0,0,0,1,0,0,2,88,92.2,41.8,20.0,15.5,0.0,0.0,0.1,2.0,0.3,1090,1090,1090,1110
686,Ezra Mayers,West Ham,DEF,4.0,0.0,0.0,0.0,0.0,0,0,0,0,0,0,0,0,0,0,0,0,0,0.0,0.0,0.0,0.0,0.0,0.0,0.0,2.0,0.3,1090,1090,1090,1110
533,Rayan Aït-Nouri,Wolves,DEF,5.1,3.5,1.0,3.4166666666666665,3.6318897637795273,3048,4,7,7,66,0,0,0,5,1,0,13,436,760.0,654.3,410.0,182.7,0.1111111111111111,0.19444444444444445,15.1,3.0,0.3,1100,1120,1150,1170
542,Craig Dawson,Wolves,DEF,4.2,0.0,0.0,1.1333333333333333,1.5789473684210527,969,0,1,1,25,2,0,0,2,0,0,1,57,204.2,31.3,55.0,29.1,0.0,0.06666666666666667,0.1,3.0,0.3,1100,1120,1150,1170
543,Matt Doherty,Wolves,DEF,4.3,2.2,1.0,2.5172413793103448,3.2540861812778608,2019,2,1,6,37,1,0,0,6,0,0,4,293,482.8,168.4,135.0,78.7,0.06896551724137931,0.034482758620689655,0.3,3.0,0.3,1100,1120,1150,1170
549,Hugo Bueno López,Wolves,DEF,4.5,0.0,0.0,0.0,0.0,0,0,0,0,0,0,0,0,0,0,0,0,0,0.0,0.0,0.0,0.0,0.0,0.0,0.0,3.0,0.3,1100,1120,1150,1170
552,Ki-Jana Hoever,Wolves,DEF,4.0,0.0,0.0,0.0,0.0,0,0,0,0,0,0,0,0,0,0,0,0,0,0.0,0.0,0.0,0.0,0.0,0.0,0.1,3.0,0.3,1100,1120,1150,1170
558,Yerson Mosquera,Wolves,DEF,3.8,0.0,0.0,0.6,0.6122448979591837,441,0,0,0,12,0,0,0,2,0,0,0,24,110.2,27.3,21.0,16.0,0.0,0.0,0.8,3.0,0.3,1100,1120,1150,1170
559,Nélson Cabral Semedo,Wolves,DEF,4.5,2.2,1.0,2.515151515151515,2.6688102893890675,2799,0,4,8,48,0,0,0,7,0,0,0,289,489.2,376.6,139.0,100.6,0.0,0.12121212121212122,0.6,3.0,0.3,1100,1120,1150,1170
561,Pedro Cardoso de Lima,Wolves,DEF,3.9,0.0,0.0,0.6666666666666666,2.608695652173913,69,0,0,0,2,0,0,0,0,0,0,0,9,23.4,34.8,11.0,6.9,0.0,0.0,1.2,3.0,0.3,1100,1120,1150,1170
564,Santiago Bueno,Wolves,DEF,4.3,0.5,0.3333333333333333,1.8214285714285714,2.7402985074626867,1675,0,0,5,34,0,0,0,2,0,0,2,171,338.4,15.8,80.0,43.5,0.0,0.0,0.1,3.0,0.3,1100,1120,1150,1170
567,Toti António Gomes,Wolves,DEF,4.3,1.8,0.6666666666666666,2.566666666666667,2.746730083234245,2523,0,1,8,44,0,0,0,7,0,0,8,362,606.4,142.5,100.0,85.0,0.0,0.03333333333333333,0.3,3.0,0.3,1100,1120,1150,1170
637,Bastien Meupiyou,Wolves,DEF,3.9,0.0,0.0,0.0,0.0,0,0,0,0,0,0,0,0,0,0,0,0,0,0.0,0.0,0.0,0.0,0.0,0.0,0.2,3.0,0.3,1100,1120,1150,1170
664,Alfie Pond,Wolves,DEF,3.9,0.0,0.0,1.0,90.0,1,0,0,0,0,0,0,0,0,0,0,0,3,0.0,0.0,0.0,0.0,0.0,0.0,0.7,3.0,0.3,1100,1120,1150,1170
711,Wes Okoduwa,Wolves,DEF,4.0,0.0,0.0,0.0,0.0,0,0,0,0,0,0,0,0,0,0,0,0,0,0.0,0.0,0.0,0.0,0.0,0.0,0.0,3.0,0.3,1100,1120,1150,1170
720,Emmanuel Agbadou,Wolves,DEF,4.0,3.5,2.6666666666666665,2.8666666666666667,2.931818181818182,1320,1,0,4,21,0,0,0,3,0,0,1,213,376.6,56.9,67.0,50.1,0.06666666666666667,0.0,0.4,3.0,0.3,1100,1120,1150,1170
769,Nasser Djiga,Wolves,DEF,4.5,0.0,0.0,0.8,5.538461538461538,65,0,0,0,2,0,0,0,0,0,0,0,11,5.6,2.1,0.0,0.8,0.0,0.0,0.0,3.0,0.3,1100,1120,1150,1170
